,title,price,rating,stock,genre,available
1,a light in the attic,51.77,3,22,poetry,True
2,tipping the velvet,53.74,1,20,historical fiction,True
3,soumission,50.1,1,20,fiction,True
4,sharp objects,47.82,4,20,mystery,True
5,sapiens: a brief history of humankind,54.23,5,20,history,True
6,the requiem red,22.65,1,19,young adult,True
7,the dirty little secrets of getting your dream job,33.34,4,19,business,True
8,"the coming woman: a novel based on the life of the infamous feminist, victoria woodhull",17.93,3,19,default,True
9,the boys in the boat: nine americans and their epic quest for gold at the 1936 berlin olympics,22.6,4,19,default,True
10,the black maria,52.15,1,19,poetry,True
11,"starving hearts (triangular trade trilogy, #1)",13.99,2,19,default,True
12,shakespeare's sonnets,20.66,4,19,poetry,True
13,set me free,17.46,5,19,young adult,True
14,scott pilgrim's precious little life (scott pilgrim #1),52.29,5,19,sequential art,True
15,rip it up and start again,35.02,5,19,music,True
16,"our band could be your life: scenes from the american indie underground, 1981-1991",57.25,3,19,music,True
17,olio,23.88,1,19,poetry,True
18,mesaerion: the best science fiction stories 1800-1849,37.59,1,19,science fiction,True
19,libertarianism for beginners,51.33,2,19,politics,True
20,it's only the himalayas,45.17,2,19,travel,True
21,in her wake,12.84,1,19,thriller,True
22,how music works,37.32,2,19,music,True
23,"foolproof preserving: a guide to small batch jams, jellies, pickles, condiments, and more: a foolproof guide to making small batch jams, jellies, pickles, condiments, and more",30.52,3,19,food and drink,True
24,chase me (paris nights #2),25.27,5,19,romance,True
25,black dust,34.53,5,19,romance,True
26,birdsong: a story in pictures,54.64,3,19,childrens,True
27,america's cradle of quarterbacks: western pennsylvania's football factory from johnny unitas to joe montana,22.5,3,19,default,True
28,aladdin and his wonderful lamp,53.13,3,19,default,True
29,worlds elsewhere: journeys around shakespeareâs globe,40.3,5,18,nonfiction,True
30,wall and piece,44.18,4,18,art,True
31,the four agreements: a practical guide to personal freedom,17.66,5,18,spirituality,True
32,the five love languages: how to express heartfelt commitment to your mate,31.05,3,18,nonfiction,True
33,the elephant tree,23.82,5,18,thriller,True
34,the bear and the piano,36.89,1,18,childrens,True
35,sophie's world,15.94,5,18,philosophy,True
36,penny maybe,33.29,3,18,default,True
37,maude (1883-1993):she grew up with the country,18.02,2,18,default,True
38,"in a dark, dark wood",19.63,1,18,mystery,True
39,behind closed doors,52.22,4,18,thriller,True
40,you can't bury them all: poems,33.63,2,17,poetry,True
41,slow states of collapse: poems,57.31,3,17,poetry,True
42,reasons to stay alive,26.41,2,17,nonfiction,True
43,private paris (private #10),47.61,5,17,fiction,True
44,#higherselfie: wake up your life. free your soul. find your tribe.,23.11,5,17,nonfiction,True
45,without borders (wanderlove #1),45.07,2,16,new adult,True
46,when we collided,31.77,1,16,contemporary,True
47,"we love you, charlie freeman",50.27,5,16,fiction,True
48,untitled collection: sabbath poems 2014,14.27,4,16,poetry,True
49,"unseen city: the majesty of pigeons, the discreet charm of snails & other wonders of the urban wilderness",44.18,4,16,nonfiction,True
50,unicorn tracks,18.78,3,16,fantasy,True
51,"unbound: how eight technologies made us human, transformed society, and brought our world to the brink",25.52,1,16,history,True
52,tsubasa: world chronicle 2 (tsubasa world chronicle #2),16.28,1,16,sequential art,True
53,throwing rocks at the google bus: how growth became the enemy of prosperity,31.12,3,16,nonfiction,True
54,this one summer,19.49,4,16,sequential art,True
55,thirst,17.27,5,16,fiction,True
56,the torch is passed: a harding family story,19.09,1,16,add a comment,True
57,the secret of dreadwillow carse,56.13,1,16,childrens,True
58,"the pioneer woman cooks: dinnertime: comfort classics, freezer food, 16-minute meals, and other delicious ways to solve supper!",56.41,1,16,food and drink,True
59,the past never ends,56.5,4,16,mystery,True
60,the natural history of us (the fine art of pretending #2),45.22,3,16,young adult,True
61,the nameless city (the nameless city #1),38.16,4,16,sequential art,True
62,the murder that never was (forensic instincts #5),54.11,3,16,fiction,True
63,the most perfect thing: inside (and outside) a bird's egg,42.96,4,16,science,True
64,"the mindfulness and acceptance workbook for anxiety: a guide to breaking free from anxiety, phobias, and worry using acceptance and commitment therapy",23.89,4,16,add a comment,True
65,the life-changing magic of tidying up: the japanese art of decluttering and organizing,16.77,3,16,nonfiction,True
66,"the inefficiency assassin: time management tactics for working smarter, not longer",20.59,5,16,default,True
67,the gutsy girl: escapades for your life of epic adventure,37.13,1,16,nonfiction,True
68,the electric pencil: drawings from inside state hospital no. 3,56.06,1,16,nonfiction,True
69,the death of humanity: and the case for life,58.11,4,16,philosophy,True
70,"the bulletproof diet: lose up to a pound a day, reclaim energy and focus, upgrade your life",49.05,3,16,health,True
71,the art forger,40.76,3,16,add a comment,True
72,the age of genius: the seventeenth century and the birth of the modern mind,19.73,1,16,history,True
73,the activist's tao te ching: ancient advice for a modern revolution,32.24,5,16,spirituality,True
74,spark joy: an illustrated master class on the art of organizing and tidying up,41.83,4,16,nonfiction,True
75,soul reader,39.58,2,16,default,True
76,security,39.25,2,16,horror,True
77,"saga, volume 6 (saga (collected editions) #6)",25.02,3,16,fantasy,True
78,"saga, volume 5 (saga (collected editions) #5)",51.04,2,16,sequential art,True
79,reskilling america: learning to labor in the twenty-first century,19.83,2,16,nonfiction,True
80,"rat queens, vol. 3: demons (rat queens (collected editions) #11-15)",50.4,3,16,sequential art,True
81,"princess jellyfish 2-in-1 omnibus, vol. 01 (princess jellyfish 2-in-1 omnibus #1)",13.61,5,16,sequential art,True
82,princess between worlds (wide-awake princess #5),13.34,5,16,fantasy,True
83,"pop gun war, volume 1: gift",18.97,1,16,sequential art,True
84,"political suicide: missteps, peccadilloes, bad calls, backroom hijinx, sordid pasts, rotten breaks, and just plain dumb mistakes in the annals of american politics",36.28,2,16,history,True
85,patience,10.16,3,16,sequential art,True
86,"outcast, vol. 1: a darkness surrounds him (outcast #1)",15.44,4,16,sequential art,True
87,orange: the complete collection 1 (orange: the complete collection #1),48.41,1,16,sequential art,True
88,online marketing for busy authors: a step-by-step guide,46.35,1,16,self help,True
89,on a midnight clear,14.07,3,16,add a comment,True
90,obsidian (lux #1),14.86,2,16,young adult,True
91,my paris kitchen: recipes and stories,33.37,2,16,food and drink,True
92,masks and shadows,56.4,2,16,fantasy,True
93,"mama tried: traditional italian cooking for the screwed, crude, vegan, and tattooed",14.02,4,16,food and drink,True
94,"lumberjanes, vol. 2: friendship to the max (lumberjanes #5-8)",46.91,2,16,sequential art,True
95,"lumberjanes, vol. 1: beware the kitten holy (lumberjanes #1-4)",45.61,3,16,sequential art,True
96,lumberjanes vol. 3: a terrible plan (lumberjanes #9-12),19.92,2,16,sequential art,True
97,"layered: baking, building, and styling spectacular cakes",40.11,1,16,food and drink,True
98,judo: seven steps to black belt (an introductory guide for beginners),53.9,2,16,add a comment,True
99,join,35.67,5,16,science fiction,True
100,in the country we love: my family divided,22.0,4,16,nonfiction,True
101,immunity: how elie metchnikoff changed the course of modern medicine,57.36,5,16,science,True
102,"i hate fairyland, vol. 1: madly ever after (i hate fairyland (compilations) #1-5)",29.17,2,16,sequential art,True
103,i am a hero omnibus volume 1,54.63,3,16,sequential art,True
104,how to be miserable: 40 strategies you already use,46.03,1,16,self help,True
105,her backup boyfriend (the sorensen family #1),33.97,1,16,romance,True
106,"giant days, vol. 2 (giant days #5-8)",22.11,2,16,sequential art,True
107,forever and forever: the courtship of henry longfellow and fanny appleton,29.69,3,16,historical fiction,True
108,first and first (five boroughs #3),15.97,4,16,romance,True
109,fifty shades darker (fifty shades #2),21.96,1,16,romance,True
110,everydata: the misinformation hidden in the little data you consume every day,54.35,2,16,nonfiction,True
111,"don't be a jerk: and other practical advice from dogen, japan's greatest zen master",37.97,2,16,religion,True
112,danganronpa volume 1,51.99,4,16,sequential art,True
113,crown of midnight (throne of glass #2),43.29,3,16,fantasy,True
114,"codename baboushka, volume 1: the conclave of death",36.72,4,16,sequential art,True
115,camp midnight,17.08,4,16,sequential art,True
116,call the nurse: true stories of a country nurse on a scottish isle,29.14,5,16,nonfiction,True
117,burning,28.81,3,16,young adult,True
118,bossypants,49.46,2,16,default,True
119,"bitch planet, vol. 1: extraordinary machine (bitch planet (collected editions))",37.92,2,16,sequential art,True
120,"avatar: the last airbender: smoke and shadow, part 3 (smoke and shadow #3)",28.09,2,16,fantasy,True
121,algorithms to live by: the computer science of human decisions,30.81,1,16,nonfiction,True
122,a world of flavor: your gluten free passport,42.95,1,16,default,True
123,"a piece of sky, a grain of rice: a memoir in four meditations",56.76,5,16,default,True
124,a murder in time,16.64,1,16,mystery,True
125,a flight of arrows (the pathfinders #2),55.53,5,16,historical fiction,True
126,a fierce and subtle poison,28.13,4,16,young adult,True
127,a court of thorns and roses (a court of thorns and roses #1),52.37,1,16,fantasy,True
128,(un)qualified: how god uses broken people to do big things,54.0,5,16,christian,True
129,you are what you love: the spiritual power of habit,21.87,4,15,religion,True
130,"william shakespeare's star wars: verily, a new hope (william shakespeare's star wars #4)",43.3,4,15,science fiction,True
131,tuesday nights in 1980,21.04,2,15,fiction,True
132,tracing numbers on a train,41.6,3,15,default,True
133,throne of glass (throne of glass #1),35.07,3,15,fantasy,True
134,thomas jefferson and the tripoli pirates: the forgotten war that changed american history,59.64,1,15,history,True
135,thirteen reasons why,52.72,1,15,default,True
136,the white cat and the monk: a retelling of the poem âpangur bã¡nâ,58.08,4,15,childrens,True
137,the wedding dress,24.12,1,15,romance,True
138,the vacationers,42.15,4,15,fiction,True
139,the third wave: an entrepreneurâs vision of the future,12.61,5,15,business,True
140,the stranger,17.44,4,15,philosophy,True
141,the shadow hero (the shadow hero),33.14,1,15,sequential art,True
142,the secret (the secret #1),27.37,4,15,default,True
143,the regional office is under attack!,51.36,5,15,fiction,True
144,the psychopath test: a journey through the madness industry,36.0,2,15,default,True
145,the project,10.65,1,15,science fiction,True
146,the power of now: a guide to spiritual enlightenment,43.54,2,15,nonfiction,True
147,the omnivore's dilemma: a natural history of four meals,38.21,2,15,nonfiction,True
148,the nerdy nummies cookbook: sweet treats for the geek in all of us,37.34,5,15,food and drink,True
149,the murder of roger ackroyd (hercule poirot #4),44.1,4,15,mystery,True
150,the mistake (off-campus #2),43.29,3,15,new adult,True
151,the matchmaker's playbook (wingmen inc. #1),55.85,1,15,new adult,True
152,the love and lemons cookbook: an apple-to-zucchini celebration of impromptu cooking,37.6,2,15,food and drink,True
153,the long shadow of small ghosts: murder and memory in an american city,10.97,1,15,crime,True
154,the kite runner,41.82,4,15,default,True
155,the house by the lake,36.95,1,15,historical fiction,True
156,the glittering court (the glittering court #1),44.28,1,15,fantasy,True
157,the girl on the train,55.02,2,15,default,True
158,the genius of birds,17.24,1,15,nonfiction,True
159,the emerald mystery,23.15,2,15,default,True
160,the cookies & cups cookbook: 125+ sweet & savory recipes reminding you to always eat dessert first,41.25,1,15,food and drink,True
161,the bridge to consciousness: i'm writing the bridge between science and our old and new beliefs.,32.0,3,15,default,True
162,the artist's way: a spiritual path to higher creativity,38.49,5,15,nonfiction,True
163,the art of war,33.34,5,15,default,True
164,the argonauts,10.93,2,15,autobiography,True
165,the 10% entrepreneur: live your startup dream without quitting your day job,27.55,3,15,business,True
166,suddenly in love (lake haven #1),55.99,2,15,romance,True
167,something more than this,16.24,4,15,romance,True
168,soft apocalypse,26.12,2,15,science fiction,True
169,so you've been publicly shamed,12.23,2,15,nonfiction,True
170,shoe dog: a memoir by the creator of nike,23.99,2,15,business,True
171,"shobu samurai, project aryoku (#3)",29.06,3,15,add a comment,True
172,secrets and lace (fatal hearts #1),20.27,1,15,default,True
173,scarlett epstein hates it here,43.55,5,15,young adult,True
174,romero and juliet: a tragic tale of love and zombies,36.94,1,15,default,True
175,redeeming love,20.47,5,15,christian fiction,True
176,poses for artists volume 1 - dynamic and sitting poses: an essential reference for figure drawing and the human form,41.06,1,15,default,True
177,poems that make grown women cry,14.19,4,15,poetry,True
178,"nightingale, sing",38.28,1,15,young adult,True
179,night sky with exit wounds,41.05,1,15,poetry,True
180,mrs. houdini,30.25,5,15,historical fiction,True
181,modern romance,28.26,5,15,add a comment,True
182,miss peregrineâs home for peculiar children (miss peregrineâs peculiar children #1),10.76,1,15,default,True
183,louisa: the extraordinary life of mrs. adams,16.85,2,15,biography,True
184,little red,13.47,3,15,childrens,True
185,library of souls (miss peregrineâs peculiar children #3),48.56,5,15,young adult,True
186,large print heart of the pride,19.15,2,15,default,True
187,i had a nice time and other lies...: how to find love & sh*t like that,57.36,4,15,womens fiction,True
188,hollow city (miss peregrineâs peculiar children #2),42.98,1,15,fantasy,True
189,grumbles,22.16,2,15,default,True
190,full moon over noahâs ark: an odyssey to mount ararat and beyond,49.43,4,15,travel,True
191,frostbite (vampire academy #2),29.99,5,15,young adult,True
192,follow you home,21.36,1,15,horror,True
193,first steps for new christians (print edition),29.0,1,15,default,True
194,finders keepers (bill hodges trilogy #2),53.53,5,15,fiction,True
195,"fables, vol. 1: legends in exile (fables #1)",41.62,4,15,sequential art,True
196,eureka trivia 6.0,54.59,4,15,default,True
197,drive: the surprising truth about what motivates us,34.95,4,15,default,True
198,done rubbed out (reightman & bailey #1),37.72,5,15,default,True
199,doing it over (most likely to #1),35.61,3,15,romance,True
200,"deliciously ella every day: quick and easy recipes for gluten-free snacks, packed lunches, and simple meals",42.16,3,15,food and drink,True
201,dark notes,19.19,5,15,erotica,True
202,"daring greatly: how the courage to be vulnerable transforms the way we live, love, parent, and lead",19.43,3,15,nonfiction,True
203,close to you,49.46,4,15,christian fiction,True
204,chasing heaven: what dying taught me about living,37.8,2,15,spirituality,True
205,big magic: creative living beyond fear,30.8,3,15,nonfiction,True
206,becoming wise: an inquiry into the mystery and art of living,27.43,2,15,nonfiction,True
207,beauty restored (riley family legacy novellas #3),11.11,2,15,default,True
208,batman: the long halloween (batman),36.5,2,15,sequential art,True
209,batman: the dark knight returns (batman),15.38,5,15,sequential art,True
210,ayumi's violin,15.48,2,15,default,True
211,anonymous,46.82,4,15,default,True
212,amy meets the saints and sages,18.46,3,15,default,True
213,amid the chaos,36.58,1,15,cultural,True
214,amatus,50.54,5,15,default,True
215,agnostic: a spirited manifesto,12.51,5,15,nonfiction,True
216,zealot: the life and times of jesus of nazareth,24.7,3,14,history,True
217,you (you #1),43.61,5,14,thriller,True
218,"wonder woman: earth one, volume one (wonder woman: earth one #1)",37.34,4,14,sequential art,True
219,wild swans,14.36,2,14,young adult,True
220,why the right went wrong: conservatism--from goldwater to the tea party and beyond,52.65,4,14,politics,True
221,whole lotta creativity going on: 60 fun and unusual exercises to awaken and strengthen your creativity,38.2,4,14,nonfiction,True
222,what's it like in space?: stories from astronauts who've been there,19.6,2,14,nonfiction,True
223,"we are robin, vol. 1: the vigilante business (we are robin #1)",53.9,1,14,sequential art,True
224,walt disney's alice in wonderland,12.96,5,14,childrens,True
225,v for vendetta (v for vendetta complete),37.1,4,14,default,True
226,until friday night (the field party #1),46.31,2,14,young adult,True
227,"unbroken: a world war ii story of survival, resilience, and redemption",45.95,2,14,default,True
228,twenty yawns,22.08,2,14,childrens,True
229,through the woods,25.38,2,14,sequential art,True
230,this is where it ends,27.12,2,14,young adult,True
231,the year of magical thinking,43.04,2,14,nonfiction,True
232,the wright brothers,56.8,4,14,default,True
233,the white queen (the cousins' war #1),25.91,5,14,add a comment,True
234,the wedding pact (the o'malleys #2),32.61,3,14,romance,True
235,the time keeper,27.88,5,14,fiction,True
236,the testament of mary,52.67,4,14,fiction,True
237,the star-touched queen,46.02,5,14,fantasy,True
238,the songs of the gods,44.48,5,14,default,True
239,the song of achilles,37.4,5,14,add a comment,True
240,the rosie project (don tillman #1),54.04,1,14,default,True
241,the power of habit: why we do what we do in life and business,16.88,3,14,default,True
242,the marriage of opposites,28.08,4,14,historical fiction,True
243,the lucifer effect: understanding how good people turn evil,10.4,1,14,psychology,True
244,the long haul (diary of a wimpy kid #9),44.07,1,14,humor,True
245,the loney,23.4,1,14,horror,True
246,the literature book (big ideas simply explained),17.43,3,14,nonfiction,True
247,the last mile (amos decker #2),54.21,2,14,mystery,True
248,the immortal life of henrietta lacks,40.67,2,14,add a comment,True
249,the hidden oracle (the trials of apollo #1),52.26,2,14,fantasy,True
250,the help yourself cookbook for kids: 60 easy plant-based recipes kids can make to stay healthy and save the earth,28.77,3,14,food and drink,True
251,the guilty (will robie #4),13.82,2,14,thriller,True
252,the first hostage (j.b. collins #2),25.85,3,14,fiction,True
253,the dovekeepers,48.78,1,14,add a comment,True
254,the darkest lie,35.35,5,14,young adult,True
255,the bane chronicles (the bane chronicles #1-11),44.73,4,14,fantasy,True
256,the bad-ass librarians of timbuktu: and their race to save the worldâs most precious manuscripts,15.77,1,14,nonfiction,True
257,the 14th colony (cotton malone #11),39.24,1,14,thriller,True
258,that darkness (gardiner and renner #1),13.92,1,14,mystery,True
259,tastes like fear (di marnie rome #3),10.69,1,14,mystery,True
260,take me with you,45.21,3,14,fiction,True
261,swell: a year of waves,45.58,1,14,nonfiction,True
262,superman vol. 1: before truth (superman by gene luen yang #1),11.89,5,14,sequential art,True
263,still life with bread crumbs,26.41,3,14,fiction,True
264,steve jobs,39.5,5,14,default,True
265,sorting the beef from the bull: the science of food fraud forensics,44.74,4,14,science,True
266,someone like you (the harrisons #2),52.79,5,14,contemporary,True
267,"so cute it hurts!!, vol. 6 (so cute it hurts!! #6)",35.43,4,14,sequential art,True
268,shtum,55.84,4,14,fiction,True
269,see america: a celebration of our national parks & treasured sites,48.87,3,14,travel,True
270,salt.,46.78,4,14,poetry,True
271,robin war,47.82,3,14,sequential art,True
272,"red hood/arsenal, vol. 1: open for business (red hood/arsenal #1)",25.48,2,14,sequential art,True
273,rain fish,23.57,3,14,childrens,True
274,"quarter life poetry: poems for the young, broke and hangry",50.89,5,14,poetry,True
275,pet sematary,10.56,3,14,horror,True
276,"overload: how to unplug, unwind, and unleash yourself from the pressure of stress",52.15,3,14,self help,True
277,once was a time,18.28,2,14,childrens,True
278,old school (diary of a wimpy kid #10),11.83,5,14,humor,True
279,no dream is too high: life lessons from a man who walked on the moon,21.95,2,14,nonfiction,True
280,"naruto (3-in-1 edition), vol. 14: includes vols. 40, 41 & 42 (naruto: omnibus #14)",38.39,2,14,sequential art,True
281,my name is lucy barton,41.56,1,14,fiction,True
282,my mrs. brown,24.48,3,14,fiction,True
283,my kind of crazy,40.36,1,14,young adult,True
284,mr. mercedes (bill hodges trilogy #1),28.9,1,14,fiction,True
285,more than music (chasing the dream #1),37.61,2,14,add a comment,True
286,made to stick: why some ideas survive and others die,38.85,5,14,business,True
287,luis paints the world,53.95,3,14,childrens,True
288,luckiest girl alive,49.83,3,14,default,True
289,lowriders to the center of the earth (lowriders in space #2),51.51,2,14,sequential art,True
290,love is a mix tape (music #1),18.03,1,14,music,True
291,looking for lovely: collecting the moments that matter,29.14,5,14,nonfiction,True
292,"living leadership by insight: a good leader achieves, a great leader builds monuments",46.91,4,14,default,True
293,let it out: a journey through journaling,26.79,5,14,nonfiction,True
294,lady midnight (the dark artifices #1),16.28,5,14,default,True
295,"it's all easy: healthy, delicious weeknight meals in under 30 minutes",19.55,1,14,food and drink,True
296,island of dragons (unwanteds #7),29.65,1,14,fantasy,True
297,i know what i'm doing -- and other lies i tell myself: dispatches from a life under construction,25.98,4,14,humor,True
298,i am pilgrim (pilgrim #1),10.6,4,14,fiction,True
299,"hyperbole and a half: unfortunate situations, flawed coping mechanisms, mayhem, and other things that happened",14.75,5,14,humor,True
300,"hush, hush (hush, hush #1)",47.02,3,14,default,True
301,hold your breath (search and rescue #1),28.82,1,14,romance,True
302,hamilton: the revolution,58.79,3,14,nonfiction,True
303,greek mythic history,10.23,5,14,default,True
304,god: the most unpleasant character in all fiction,30.03,5,14,religion,True
305,glory over everything: beyond the kitchen house,45.84,3,14,historical fiction,True
306,feathers: displays of brilliant plumage,49.05,3,14,art,True
307,"far & away: places on the brink of change: seven continents, twenty-five years",15.06,4,14,nonfiction,True
308,every last word,46.47,3,14,default,True
309,eligible (the austen project #4),27.09,3,14,fiction,True
310,el deafo,57.62,5,14,sequential art,True
311,eight hundred grapes,14.39,4,14,fiction,True
312,"eaternity: more than 150 deliciously easy vegan recipes for a long, healthy, satisfied, joyful life",51.75,5,14,nonfiction,True
313,"eat fat, get thin",54.07,2,14,health,True
314,don't get caught,55.35,1,14,young adult,True
315,doctor sleep (the shining #2),40.12,2,14,horror,True
316,demigods & magicians: percy and annabeth meet the kanes (percy jackson & kane chronicles crossover #1-3),37.51,5,14,fantasy,True
317,dear mr. knightley,11.21,5,14,fiction,True
318,daily fantasy sports,36.58,1,14,default,True
319,crazy love: overwhelmed by a relentless god,47.72,2,14,christian,True
320,cometh the hour (the clifton chronicles #6),25.01,3,14,fiction,True
321,code name verity (code name verity #1),22.13,4,14,add a comment,True
322,clockwork angel (the infernal devices #1),44.14,1,14,default,True
323,city of glass (the mortal instruments #3),56.02,4,14,fantasy,True
324,city of fallen angels (the mortal instruments #4),11.23,4,14,default,True
325,city of bones (the mortal instruments #1),43.28,1,14,default,True
326,city of ashes (the mortal instruments #2),47.27,1,14,default,True
327,cell,20.29,4,14,add a comment,True
328,catching jordan (hundred oaks),50.83,3,14,young adult,True
329,"carry on, warrior: thoughts on life unarmed",31.85,3,14,default,True
330,carrie,46.23,2,14,default,True
331,buying in: the secret dialogue between what we buy and who we are,37.8,4,14,nonfiction,True
332,brain on fire: my month of madness,49.32,5,14,nonfiction,True
333,batman: europa,32.01,2,14,sequential art,True
334,barefoot contessa back to basics,28.01,1,14,food and drink,True
335,barefoot contessa at home: everyday recipes you'll make over and over again,50.62,5,14,food and drink,True
336,balloon animals,17.03,3,14,fiction,True
337,art ops vol. 1,48.8,3,14,sequential art,True
338,aristotle and dante discover the secrets of the universe (aristotle and dante discover the secrets of the universe #1),58.14,4,14,young adult,True
339,angels walking (angels walking #1),34.2,2,14,add a comment,True
340,angels & demons (robert langdon #1),51.48,3,14,default,True
341,all the light we cannot see,29.87,5,14,historical,True
342,"adulthood is a myth: a ""sarah's scribbles"" collection",10.9,2,14,sequential art,True
343,abstract city,56.37,5,14,nonfiction,True
344,a time of torment (charlie parker #14),48.35,5,14,mystery,True
345,a study in scarlet (sherlock holmes #1),16.73,2,14,mystery,True
346,"a series of catastrophes and miracles: a true story of love, science, and cancer",56.48,2,14,add a comment,True
347,a people's history of the united states,40.79,2,14,add a comment,True
348,a man called ove,39.72,1,14,fiction,True
349,a distant mirror: the calamitous 14th century,14.58,3,14,history,True
350,a brush of wings (angels walking #3),55.51,1,14,add a comment,True
351,1491: new revelations of the americas before columbus,21.8,3,14,history,True
352,"the three searches, meaning, and the story",13.33,3,13,default,True
353,searching for meaning in gailana,38.73,1,13,fantasy,True
354,rook,37.86,4,13,add a comment,True
355,my kitchen year: 136 recipes that saved my life,11.53,2,13,food and drink,True
356,13 hours: the inside account of what really happened in benghazi,27.06,1,13,nonfiction,True
357,will you won't you want me?,13.86,3,12,womens fiction,True
358,tipping point for planet earth: how close are we to the edge?,37.55,1,12,science,True
359,the star-touched queen,32.3,5,12,fantasy,True
360,the silent sister (riley macpherson #1),46.29,5,12,fiction,True
361,the midnight watch: a novel of the titanic and the californian,26.2,1,12,add a comment,True
362,the lonely city: adventures in the art of being alone,33.26,2,12,nonfiction,True
363,the gray rhino: how to recognize and act on the obvious dangers we ignore,59.15,4,12,add a comment,True
364,the golden condom: and other essays on love lost and found,39.43,1,12,psychology,True
365,the epidemic (the program 0.6),14.44,5,12,young adult,True
366,the dinner party,56.54,2,12,fiction,True
367,the diary of a young girl,59.9,3,12,nonfiction,True
368,the children,11.88,3,12,add a comment,True
369,stars above (the lunar chronicles #4.5),48.05,2,12,young adult,True
370,snatched: how a drug queen went undercover for the dea and was kidnapped by colombian guerillas,21.21,3,12,nonfiction,True
371,raspberry pi electronics projects for the evil genius,49.67,4,12,default,True
372,quench your own thirst: business lessons learned over a beer or two,43.14,1,12,business,True
373,psycho: sanitarium (psycho #1.5),36.97,5,12,horror,True
374,poisonous (max revere novels #3),26.8,3,12,mystery,True
375,one with you (crossfire #5),15.71,4,12,add a comment,True
376,no love allowed (dodge cove #1),54.65,4,12,young adult,True
377,murder at the 42nd street library (raymond ambler #1),54.36,4,12,mystery,True
378,most wanted,35.28,3,12,mystery,True
379,"love, lies and spies",20.55,2,12,historical fiction,True
380,how to speak golf: an illustrated guide to links lingo,58.32,5,12,default,True
381,hide away (eve duncan #20),11.84,1,12,mystery,True
382,furiously happy: a funny book about horrible things,41.46,4,12,nonfiction,True
383,everyday italian: 125 simple and delicious recipes,20.1,5,12,food and drink,True
384,equal is unfair: america's misguided fight against income inequality,56.86,1,12,politics,True
385,eleanor & park,56.51,5,12,default,True
386,dirty (dive bar #1),40.83,4,12,romance,True
387,can you keep a secret? (fear street relaunch #4),48.64,1,12,horror,True
388,boar island (anna pigeon #19),59.48,3,12,mystery,True
389,a paris apartment,39.01,4,12,historical fiction,True
390,"a la mode: 120 recipes in 60 pairings: pies, tarts, cakes, crisps, and more topped with ice cream, gelato, frozen custard, and more",38.77,1,12,food and drink,True
391,troublemaker: surviving hollywood and scientology,48.39,2,11,default,True
392,the widow,27.26,2,11,mystery,True
393,"the sleep revolution: transforming your life, one night at a time",11.68,4,11,nonfiction,True
394,the improbability of love,59.45,1,11,fiction,True
395,the art of startup fundraising,21.0,3,11,business,True
396,take me home tonight (rock star romance #3),53.98,3,11,romance,True
397,sleeping giants (themis files #1),48.74,1,11,science fiction,True
398,"setting the world on fire: the brief, astonishing life of st. catherine of siena",21.15,2,11,biography,True
399,playing with fire,13.71,3,11,mystery,True
400,off the hook (fishing for trouble #1),47.67,3,11,romance,True
401,mothering sunday,13.34,2,11,fiction,True
402,"mother, can you not?",16.89,5,11,nonfiction,True
403,m train,27.18,1,11,autobiography,True
404,lilac girls,17.28,2,11,historical fiction,True
405,lies and other acts of love,45.14,1,11,fiction,True
406,lab girl,40.85,1,11,autobiography,True
407,keep me posted,20.46,4,11,womens fiction,True
408,it didn't start with you: how inherited family trauma shapes who we are and how to end the cycle,56.27,3,11,psychology,True
409,grey (fifty shades #4),48.49,4,11,womens fiction,True
410,"exit, pursued by a bear",51.34,4,11,young adult,True
411,daredevils,16.34,3,11,fiction,True
412,cravings: recipes for what you want to eat,20.5,3,11,food and drink,True
413,born for this: how to find the work you were meant to do,21.59,5,11,business,True
414,arena,21.36,4,11,science fiction,True
415,adultery,20.88,5,11,default,True
416,a mother's reckoning: living in the aftermath of tragedy,19.53,3,11,nonfiction,True
417,a gentleman's position (society of gentlemen #3),14.75,5,11,romance,True
418,11/22/63,48.48,3,11,fiction,True
419,"10% happier: how i tamed the voice in my head, reduced stress without losing my edge, and found self-help that actually works",24.57,2,10,nonfiction,True
420,10-day green smoothie cleanse: lose up to 15 pounds in 10 days!,49.71,5,10,health,True
421,without shame,48.27,5,9,add a comment,True
422,watchmen,58.05,4,9,add a comment,True
423,unlimited intuition now,58.87,4,9,default,True
424,underlying notes,11.82,2,9,default,True
425,the shack,28.03,1,9,fiction,True
426,the new brand you: your new image makes the sale for you,44.05,5,9,default,True
427,"the moosewood cookbook: recipes from moosewood restaurant, ithaca, new york",12.34,4,9,food and drink,True
428,the flowers lied,16.68,2,9,default,True
429,"the fabric of the cosmos: space, time, and the texture of reality",55.91,1,9,science,True
430,the book of mormon,24.57,3,9,religion,True
431,the art and science of low carbohydrate living,52.98,5,9,health,True
432,the alien club,54.4,1,9,young adult,True
433,suzie snowflake: one beautiful flake (a self-esteem story),54.81,5,9,novels,True
434,nap-a-roo,25.08,1,9,childrens,True
435,"nano what now? finding your editing process, revising your nanowrimo book and building a writing career through publishing and beyond",10.41,4,9,default,True
436,modern day fables,47.44,2,9,default,True
437,if i gave you god's phone number....: searching for spirituality in america,20.91,1,9,spirituality,True
438,"fruits basket, vol. 9 (fruits basket #9)",33.95,4,9,sequential art,True
439,dress your family in corduroy and denim,43.68,3,9,humor,True
440,don't forget steven,33.23,1,9,young adult,True
441,chernobyl 01:23:40: the incredible true story of the world's worst nuclear disaster,35.92,2,9,nonfiction,True
442,art and fear: observations on the perils (and rewards) of artmaking,48.63,4,9,art,True
443,a shard of ice (the black symphony saga #1),56.63,3,9,fantasy,True
444,a hero's curse (the unseen chronicles #1),50.49,3,9,add a comment,True
445,23 degrees south: a tropical tale of changing whether...,35.79,2,9,add a comment,True
446,"zero to one: notes on startups, or how to build the future",34.06,3,8,nonfiction,True
447,why not me?,17.76,1,8,nonfiction,True
448,when breath becomes air,39.36,2,8,nonfiction,True
449,vagabonding: an uncommon guide to the art of long-term world travel,36.94,2,8,travel,True
450,the unlikely pilgrimage of harold fry (harold fry #1),43.62,5,8,default,True
451,the new drawing on the right side of the brain,43.02,3,8,art,True
452,"the midnight assassin: panic, scandal, and the hunt for america's first serial killer",28.45,4,8,nonfiction,True
453,the martian (the martian #1),41.39,2,8,default,True
454,the high mountains of portugal,51.15,1,8,fiction,True
455,the grownup,35.88,1,8,short stories,True
456,the e-myth revisited: why most small businesses don't work and what to do about it,36.91,1,8,business,True
457,south of sunshine,28.93,1,8,young adult,True
458,smarter faster better: the secrets of being productive in life and business,38.89,5,8,nonfiction,True
459,silence in the dark (logan point #4),58.33,3,8,suspense,True
460,shadows of the past (logan point #1),39.67,5,8,christian fiction,True
461,roller girl,14.1,5,8,sequential art,True
462,rising strong,21.82,3,8,nonfiction,True
463,proofs of god: classical arguments from tertullian to barth,54.21,1,8,philosophy,True
464,please kill me: the uncensored oral history of punk,31.19,4,8,music,True
465,out of print: city lights spotlight no. 14,53.64,5,8,poetry,True
466,my life next door (my life next door ),36.39,5,8,young adult,True
467,miller's valley,58.54,2,8,fiction,True
468,man's search for meaning,29.48,3,8,nonfiction,True
469,"love that boy: what two presidents, eight road trips, and my son taught me about a parent's expectations",25.06,2,8,nonfiction,True
470,living forward: a proven plan to stop drifting and get the life you want,12.55,3,8,nonfiction,True
471,les fleurs du mal,29.04,5,8,poetry,True
472,left behind (left behind #1),40.72,2,8,default,True
473,kill 'em and leave: searching for james brown and the american soul,45.05,5,8,music,True
474,kierkegaard: a christian missionary to christians,47.13,1,8,philosophy,True
475,john vassos: industrial design for modern life,20.22,4,8,default,True
476,i'll give you the sun,56.48,1,8,default,True
477,i will find you,44.21,1,8,nonfiction,True
478,hystopia: a novel,21.96,4,8,fiction,True
479,howl and other poems,40.45,2,8,poetry,True
480,history of beauty,10.29,4,8,art,True
481,heaven is for real: a little boy's astounding story of his trip to heaven and back,52.86,2,8,default,True
482,future shock (future shock #1),55.65,5,8,young adult,True
483,ender's game (the ender quintet #1),43.64,1,8,default,True
484,diary of a citizen scientist: chasing tiger beetles and other new ways of engaging the world,28.41,1,8,science,True
485,death by leisure: a cautionary tale,37.51,4,8,default,True
486,brilliant beacons: a history of the american lighthouse,11.45,3,8,history,True
487,brazen: the courage to find the you that's been hiding,19.22,2,8,nonfiction,True
488,between the world and me,56.91,4,8,nonfiction,True
489,being mortal: medicine and what matters in the end,55.06,4,8,nonfiction,True
490,"a murder over a girl: justice, gender, junior high",13.2,3,8,nonfiction,True
491,32 yolks,53.63,2,8,food and drink,True
492,"""most blessed of the patriarchs"": thomas jefferson and the empire of the imagination",44.48,5,8,history,True
493,you are a badass: how to stop doubting your greatness and start living an awesome life,12.08,3,7,self help,True
494,wildlife of new york: a five-borough coloring book,22.14,2,7,default,True
495,what happened on beale street (secrets of the south mysteries #2),25.37,5,7,mystery,True
496,unreasonable hope: finding faith in the god who brings purpose to your pain,46.33,2,7,spirituality,True
497,under the tuscan sun,37.33,3,7,travel,True
498,toddlers are a**holes: it's not your fault,25.55,1,7,humor,True
499,the year of living biblically: one man's humble quest to follow the bible as literally as possible,34.72,1,7,default,True
500,the whale,35.96,4,7,childrens,True
501,the story of art,41.14,4,7,art,True
502,the origin of species,10.01,4,7,science,True
503,the great gatsby,36.05,4,7,default,True
504,the good girl,49.03,3,7,default,True
505,the glass castle,16.24,1,7,add a comment,True
506,the faith of christopher hitchens: the restless soul of the world's most notorious atheist,39.55,1,7,biography,True
507,the drowning girls,35.67,3,7,add a comment,True
508,the constant princess (the tudor court #1),16.62,3,7,historical fiction,True
509,the bourne identity (jason bourne #1),42.78,4,7,fiction,True
510,the bachelor girl's guide to murder (herringford and watts mysteries #1),52.3,5,7,mystery,True
511,the art book,32.34,2,7,art,True
512,the 7 habits of highly effective people: powerful lessons in personal change,33.17,4,7,default,True
513,team of rivals: the political genius of abraham lincoln,20.12,5,7,add a comment,True
514,steal like an artist: 10 things nobody told you about being creative,20.9,2,7,default,True
515,"sit, stay, love",20.9,3,7,romance,True
516,sister dear,40.2,4,7,fiction,True
517,"shrunken treasures: literary classics, short, sweet, and silly",52.87,3,7,childrens,True
518,"rich dad, poor dad",51.74,1,7,business,True
519,raymie nightingale,34.41,2,7,childrens,True
520,playing from the heart,32.38,1,7,childrens,True
521,nightstruck: a novel,50.35,4,7,young adult,True
522,"naturally lean: 125 nourishing gluten-free, plant-based recipes--all under 300 calories",11.38,5,7,food and drink,True
523,meternity,43.58,3,7,womens fiction,True
524,memoirs of a geisha,49.67,3,7,fiction,True
525,like never before (walker family #2),28.77,2,7,christian fiction,True
526,life of pi,13.22,4,7,default,True
527,leave this song behind: teen poetry at its best,51.17,5,7,poetry,True
528,king's folly (the kinsman chronicles #1),39.61,5,7,fantasy,True
529,john adams,57.43,4,7,add a comment,True
530,how to cook everything vegetarian: simple meatless recipes for great food (how to cook everything),46.01,4,7,food and drink,True
531,how to be a domestic goddess: baking and the art of comfort cooking,28.25,2,7,food and drink,True
532,good in bed (cannie shapiro #1),37.05,5,7,add a comment,True
533,"fruits basket, vol. 7 (fruits basket #7)",19.57,1,7,sequential art,True
534,for the love: fighting for grace in a world of impossible standards,45.13,3,7,nonfiction,True
535,finding god in the ruins: how god redeems pain,46.64,2,7,nonfiction,True
536,every heart a doorway (every heart a doorway #1),12.16,5,7,fantasy,True
537,delivering the truth (quaker midwife mystery #1),20.89,4,7,mystery,True
538,counted with the stars (out from egypt #1),17.97,5,7,christian fiction,True
539,"chronicles, vol. 1",52.6,2,7,music,True
540,blue like jazz: nonreligious thoughts on christian spirituality,25.77,1,7,christian,True
541,benjamin franklin: an american life,48.19,3,7,biography,True
542,"at the existentialist cafã©: freedom, being, and apricot cocktails with: jean-paul sartre, simone de beauvoir, albert camus, martin heidegger, edmund husserl, karl jaspers, maurice merleau-ponty and others",29.93,5,7,philosophy,True
543,a summer in europe,44.34,2,7,travel,True
544,a short history of nearly everything,52.4,5,7,history,True
545,a gathering of shadows (shades of magic #2),44.81,4,7,fantasy,True
546,the sound of love,57.84,5,6,default,True
547,the rise and fall of the third reich: a history of nazi germany,39.67,2,6,history,True
548,the perks of being a wallflower,55.02,3,6,default,True
549,the mysterious affair at styles (hercule poirot #1),24.8,4,6,mystery,True
550,the man who mistook his wife for a hat and other clinical tales,59.45,4,6,nonfiction,True
551,the makings of a fatherless child,31.58,2,6,default,True
552,the joy of cooking,43.27,4,6,add a comment,True
553,the invention of wings,37.34,1,6,historical fiction,True
554,the hobbit (middle-earth universe),17.8,5,6,default,True
555,the great railway bazaar,30.54,1,6,travel,True
556,the golden compass (his dark materials #1),18.77,1,6,add a comment,True
557,the god delusion,46.85,3,6,add a comment,True
558,the girl you left behind (the girl you left behind #1),15.79,1,6,historical,True
559,the fellowship of the ring (the lord of the rings #1),10.27,2,6,default,True
560,the collected poems of w.b. yeats (the collected works of w.b. yeats #1),15.42,5,6,poetry,True
561,the barefoot contessa cookbook,59.92,5,6,food and drink,True
562,tell the wolves i'm home,50.96,2,6,young adult,True
563,ship leaves harbor: essays on travel by a recovering journeyman,30.6,3,6,default,True
564,pride and prejudice,19.27,4,6,add a comment,True
565,musicophilia: tales of music and the brain,46.58,1,6,default,True
566,mere christianity,48.51,3,6,add a comment,True
567,me before you (me before you #1),19.02,1,6,fiction,True
568,in the woods (dublin murder squad #1),38.38,2,6,mystery,True
569,in cold blood,49.98,4,6,nonfiction,True
570,how to stop worrying and start living,46.49,5,6,self help,True
571,give it back,18.32,2,6,thriller,True
572,"girl, interrupted",42.14,3,6,nonfiction,True
573,fun home: a family tragicomic,56.59,4,6,add a comment,True
574,"fruits basket, vol. 6 (fruits basket #6)",20.96,4,6,sequential art,True
575,deception point,40.32,4,6,fiction,True
576,"death note, vol. 6: give-and-take (death note #6)",36.39,3,6,sequential art,True
577,catherine the great: portrait of a woman,58.55,4,6,history,True
578,better homes and gardens new cook book,39.61,3,6,food and drink,True
579,an unquiet mind: a memoir of moods and madness,21.3,3,6,psychology,True
580,a year in provence (provence #1),56.88,4,6,travel,True
581,world without end (the pillars of the earth #2),32.97,4,5,historical fiction,True
582,"will grayson, will grayson (will grayson, will grayson)",47.31,4,5,young adult,True
583,why save the bankers?: and other essays on our economic and political crisis,48.67,2,5,nonfiction,True
584,where she went (if i stay #2),41.73,4,5,young adult,True
585,what if?: serious scientific answers to absurd hypothetical questions,53.68,4,5,default,True
586,two summers,14.64,1,5,young adult,True
587,this is your brain on music: the science of a human obsession,38.4,1,5,music,True
588,the secret garden,15.08,4,5,classics,True
589,the raven king (the raven cycle #4),30.57,2,5,add a comment,True
590,the raven boys (the raven cycle #1),57.74,4,5,fantasy,True
591,the power greens cookbook: 140 delicious superfood recipes,11.05,5,5,food and drink,True
592,the metamorphosis,28.58,1,5,classics,True
593,the mathews men: seven brothers and the war against hitler's u-boats,42.91,5,5,history,True
594,the little paris bookshop,24.73,3,5,fiction,True
595,the hiding place,55.91,4,5,history,True
596,the grand design,13.76,3,5,science,True
597,the firm,45.56,3,5,fiction,True
598,the fault in our stars,47.22,1,5,default,True
599,the false prince (the ascendance trilogy #1),56.0,5,5,fantasy,True
600,the expatriates,44.58,2,5,fiction,True
601,the dream thieves (the raven cycle #2),34.5,1,5,default,True
602,the darkest corners,11.33,5,5,young adult,True
603,the crossover,38.77,4,5,poetry,True
604,the 5th wave (the 5th wave #1),11.83,2,5,default,True
605,tell the wind and fire,45.51,3,5,fantasy,True
606,tell me three things,41.81,1,5,young adult,True
607,talking to girls about duran duran: one young man's quest for true love and a cooler haircut,25.15,4,5,nonfiction,True
608,siddhartha,34.22,5,5,fiction,True
609,shiver (the wolves of mercy falls #1),16.23,5,5,default,True
610,remember me?,11.48,3,5,default,True
611,red dragon (hannibal lecter #1),23.37,3,5,horror,True
612,peak: secrets from the new science of expertise,16.28,2,5,science,True
613,my mother was nuts,31.63,4,5,nonfiction,True
614,mexican today: new and rediscovered recipes for contemporary kitchens,24.91,5,5,food and drink,True
615,maybe something beautiful: how art transformed a neighborhood,22.54,1,5,childrens,True
616,lola and the boy next door (anna and the french kiss #2),23.63,4,5,young adult,True
617,logan kade (fallen crest high #5.5),13.12,2,5,academic,True
618,last one home (new beginnings #1),59.98,3,5,fiction,True
619,killing floor (jack reacher #1),31.49,4,5,thriller,True
620,kill the boy band,15.52,5,5,young adult,True
621,isla and the happily ever after (anna and the french kiss #3),48.13,5,5,young adult,True
622,if i stay (if i stay #1),38.13,5,5,default,True
623,i know why the caged bird sings (maya angelou's autobiography #1),36.55,2,5,default,True
624,harry potter and the deathly hallows (harry potter #7),23.32,1,5,default,True
625,"fruits basket, vol. 5 (fruits basket #5)",16.33,1,5,sequential art,True
626,foundation (foundation (publication order) #1),32.42,1,5,science fiction,True
627,fool me once,16.96,1,5,default,True
628,find her (detective d.d. warren #8),22.37,1,5,add a comment,True
629,evicted: poverty and profit in the american city,42.27,1,5,add a comment,True
630,drama,38.7,2,5,default,True
631,dracula the un-dead,35.63,5,5,horror,True
632,digital fortress,58.0,5,5,fiction,True
633,"death note, vol. 5: whiteout (death note #5)",52.41,1,5,sequential art,True
634,"data, a love story: how i gamed online dating to meet my match",32.35,3,5,nonfiction,True
635,critique of pure reason,20.75,1,5,philosophy,True
636,booked,17.49,5,5,poetry,True
637,"blue lily, lily blue (the raven cycle #3)",34.13,5,5,default,True
638,approval junkie: adventures in caring too much,58.81,5,5,autobiography,True
639,an abundance of katherines,10.0,5,5,young adult,True
640,america's war for the greater middle east: a military history,51.22,2,5,history,True
641,alight (the generations trilogy #2),58.59,4,5,default,True
642,a girl's guide to moving on (new beginnings #2),31.3,1,5,romance,True
643,a game of thrones (a song of ice and fire #1),46.42,2,5,add a comment,True
644,a feast for crows (a song of ice and fire #4),17.21,4,5,fantasy,True
645,a clash of kings (a song of ice and fire #2),10.79,3,5,add a comment,True
646,vogue colors a to z: a fashion coloring book,52.35,4,4,default,True
647,the shining (the shining #1),27.88,3,4,default,True
648,the pilgrim's progress,50.26,2,4,classics,True
649,the perfect play (play by play #1),59.99,3,4,romance,True
650,the passion of dolssa,28.32,5,4,historical fiction,True
651,the jazz of physics: the secret link between music and the structure of the universe,38.71,3,4,nonfiction,True
652,the hunger games (the hunger games #1),29.85,5,4,default,True
653,the hound of the baskervilles (sherlock holmes #5),14.82,2,4,classics,True
654,the gunning of america: business and the making of american gun culture,16.81,4,4,nonfiction,True
655,the geography of bliss: one grump's search for the happiest places in the world,28.23,2,4,nonfiction,True
656,the demonists (demonist #1),52.11,2,4,fantasy,True
657,"the demon prince of momochi house, vol. 4 (the demon prince of momochi house #4)",27.88,2,4,sequential art,True
658,the bone hunters (lexy vaughan & steven macaulay #2),59.71,3,4,thriller,True
659,the beast (black dagger brotherhood #14),46.08,5,4,fantasy,True
660,some women,13.73,5,4,womens fiction,True
661,shopaholic ties the knot (shopaholic #3),48.39,5,4,womens fiction,True
662,paper and fire (the great library #2),49.45,5,4,fantasy,True
663,outlander (outlander #1),19.67,5,4,default,True
664,"orchestra of exiles: the story of bronislaw huberman, the israel philharmonic, and the one thousand jews he saved from nazi horrors",12.36,3,4,music,True
665,no one here gets out alive,20.02,5,4,music,True
666,night shift (night shift #1-20),12.75,4,4,horror,True
667,needful things,47.51,4,4,horror,True
668,mockingjay (the hunger games #3),20.44,4,4,default,True
669,misery,34.79,2,4,horror,True
670,little women (little women #1),28.07,4,4,classics,True
671,it,25.01,3,4,horror,True
672,harry potter and the sorcerer's stone (harry potter #1),13.9,3,4,default,True
673,harry potter and the prisoner of azkaban (harry potter #3),24.17,4,4,young adult,True
674,harry potter and the order of the phoenix (harry potter #5),31.63,4,4,fantasy,True
675,harry potter and the half-blood prince (harry potter #6),48.75,5,4,fantasy,True
676,harry potter and the chamber of secrets (harry potter #2),14.74,1,4,fantasy,True
677,gone with the wind,32.49,3,4,classics,True
678,god is not great: how religion poisons everything,27.8,1,4,nonfiction,True
679,girl with a pearl earring,26.77,1,4,historical fiction,True
680,"fruits basket, vol. 4 (fruits basket #4)",50.44,4,4,sequential art,True
681,far from true (promise falls trilogy #2),34.93,2,4,thriller,True
682,dark lover (black dagger brotherhood #1),12.87,1,4,romance,True
683,confessions of a shopaholic (shopaholic #1),48.94,2,4,default,True
684,changing the game (play by play #2),13.38,3,4,romance,True
685,candide,58.63,3,4,classics,True
686,can you keep a secret?,21.94,1,4,womens fiction,True
687,atlas shrugged,26.58,5,4,fiction,True
688,animal farm,57.22,3,4,classics,True
689,a walk to remember,56.43,1,4,romance,True
690,a new earth: awakening to your life's purpose,55.65,5,4,spirituality,True
691,"a history of god: the 4,000-year quest of judaism, christianity, and islam",27.62,1,4,religion,True
692,'salem's lot,49.56,4,4,horror,True
693,zero history (blue ant #3),34.77,1,3,default,True
694,wuthering heights,17.73,3,3,classics,True
695,world war z: an oral history of the zombie war,21.8,1,3,default,True
696,wild: from lost to found on the pacific crest trail,46.02,3,3,default,True
697,"where'd you go, bernadette",18.13,1,3,default,True
698,when you are engulfed in flames,30.89,5,3,humor,True
699,we the people: the modern-day figures who have reshaped and affirmed the founding fathers' vision of america,31.95,3,3,nonfiction,True
700,we are all completely beside ourselves,24.04,1,3,contemporary,True
701,walk the edge (thunder road #2),32.36,3,3,young adult,True
702,voyager (outlander #3),21.07,5,3,historical fiction,True
703,very good lives: the fringe benefits of failure and the importance of imagination,50.66,3,3,nonfiction,True
704,vegan vegetarian omnivore: dinner for everyone at the table,13.66,2,3,food and drink,True
705,"unstuffed: decluttering your home, mind, and soul",58.09,1,3,nonfiction,True
706,under the banner of heaven: a story of violent faith,30.0,1,3,nonfiction,True
707,two boys kissing,32.74,2,3,young adult,True
708,twilight (twilight #1),41.93,2,3,default,True
709,twenties girl,42.8,2,3,womens fiction,True
710,"trespassing across america: one man's epic, never-done-before (and sort of illegal) hike across the heartland",53.51,1,3,nonfiction,True
711,three-martini lunch,23.21,3,3,fiction,True
712,"thinking, fast and slow",21.14,1,3,psychology,True
713,the wild robot,56.07,3,3,childrens,True
714,"the wicked + the divine, vol. 3: commercial suicide (the wicked + the divine)",14.41,3,3,sequential art,True
715,the undomestic goddess,45.75,4,3,womens fiction,True
716,the travelers,15.77,1,3,thriller,True
717,the tipping point: how little things can make a big difference,10.02,2,3,add a comment,True
718,the thing about jellyfish,48.77,1,3,childrens,True
719,the stand,57.86,2,3,horror,True
720,the smitten kitchen cookbook,23.59,1,3,food and drink,True
721,the silkworm (cormoran strike #2),23.05,5,3,mystery,True
722,"the sandman, vol. 3: dream country (the sandman (volumes) #3)",55.55,5,3,sequential art,True
723,the rose & the dagger (the wrath and the dawn #2),58.64,4,3,fantasy,True
724,the road to little dribbling: adventures of an american in britain (notes from a small island #2),23.21,1,3,travel,True
725,the rise of theodore roosevelt (theodore roosevelt #1),42.57,3,3,biography,True
726,the restaurant at the end of the universe (hitchhiker's guide to the galaxy #2),10.92,1,3,science fiction,True
727,the rest is noise: listening to the twentieth century,34.77,1,3,add a comment,True
728,the red tent,35.66,5,3,historical fiction,True
729,the purpose driven life: what on earth am i here for?,37.19,3,3,add a comment,True
730,the purest hook (second circle tattoos #3),12.25,1,3,romance,True
731,the picture of dorian gray,29.7,2,3,classics,True
732,the paris wife,36.8,3,3,default,True
733,the obsession,45.43,1,3,romance,True
734,the nightingale,26.26,4,3,fiction,True
735,the new guy (and other senior year distractions),44.92,3,3,young adult,True
736,the nanny diaries (nanny #1),52.53,5,3,womens fiction,True
737,the name of god is mercy,37.25,2,3,nonfiction,True
738,the maze runner (the maze runner #1),20.93,1,3,default,True
739,the lover's dictionary,58.09,2,3,default,True
740,the lonely ones,43.59,5,3,childrens,True
741,the lean startup: how today's entrepreneurs use continuous innovation to create radically successful businesses,33.92,3,3,business,True
742,the last painting of sara de vos,55.55,2,3,historical fiction,True
743,"the land of 10,000 madonnas",29.64,4,3,young adult,True
744,the infinities,27.41,1,3,fiction,True
745,the husband's secret,52.51,5,3,fiction,True
746,the hitchhiker's guide to the galaxy (hitchhiker's guide to the galaxy #1),47.8,3,3,add a comment,True
747,the guns of august,14.54,2,3,history,True
748,the guernsey literary and potato peel pie society,49.53,1,3,historical fiction,True
749,the goldfinch,43.58,3,3,default,True
750,the giver (the giver quartet #1),12.3,1,3,default,True
751,the girl with all the gifts,49.47,3,3,horror,True
752,the girl who played with fire (millennium trilogy #2),22.14,2,3,default,True
753,the girl who kicked the hornet's nest (millennium trilogy #3),57.48,1,3,add a comment,True
754,the exiled,43.45,3,3,mystery,True
755,"the end of faith: religion, terror, and the future of reason",22.13,4,3,add a comment,True
756,"the elegant universe: superstrings, hidden dimensions, and the quest for the ultimate theory",13.03,4,3,science,True
757,"the disappearing spoon: and other true tales of madness, love, and the history of the world from the periodic table of the elements",57.35,5,3,science,True
758,the devil wears prada (the devil wears prada #1),44.29,1,3,womens fiction,True
759,the demon-haunted world: science as a candle in the dark,52.25,4,3,default,True
760,the day the crayons came home (crayons),26.33,5,3,childrens,True
761,the da vinci code (robert langdon #2),22.96,2,3,fiction,True
762,the cuckoo's calling (cormoran strike #1),19.21,1,3,mystery,True
763,the complete stories and poems (the works of edgar allan poe [cameo edition]),26.78,4,3,classics,True
764,the complete poems,41.32,5,3,add a comment,True
765,the catcher in the rye,24.55,1,3,add a comment,True
766,the cat in the hat (beginner books b-1),16.26,2,3,childrens,True
767,the case for christ (cases for christianity),47.84,1,3,add a comment,True
768,the book thief,53.49,2,3,default,True
769,the book of basketball: the nba according to the sports guy,44.84,5,3,sports and games,True
770,the blind side: evolution of a game,53.71,5,3,add a comment,True
771,the autobiography of malcolm x,23.43,2,3,default,True
772,"the art of simple food: notes, lessons, and recipes from a delicious revolution",34.32,3,3,food and drink,True
773,the art of fielding,22.1,1,3,fiction,True
774,"surely you're joking, mr. feynman!: adventures of a curious character",25.83,2,3,science,True
775,stiff: the curious lives of human cadavers,36.74,3,3,nonfiction,True
776,spilled milk: based on a true story,49.51,1,3,nonfiction,True
777,something borrowed (darcy & rachel #1),48.96,5,3,womens fiction,True
778,something blue (darcy & rachel #2),54.62,1,3,womens fiction,True
779,soldier (talon #3),24.72,2,3,fantasy,True
780,shopaholic & baby (shopaholic #5),46.45,2,3,default,True
781,seven days in the art world,52.33,2,3,add a comment,True
782,seven brief lessons on physics,30.6,4,3,science,True
783,scarlet (the lunar chronicles #2),14.57,4,3,young adult,True
784,sarah's key,46.29,1,3,add a comment,True
785,"saga, volume 3 (saga (collected editions) #3)",21.57,5,3,sequential art,True
786,running with scissors,12.91,4,3,autobiography,True
787,rogue lawyer (rogue lawyer #1),50.11,3,3,add a comment,True
788,"rise of the rocket girls: the women who propelled us, from missiles to the moon to mars",41.67,4,3,nonfiction,True
789,rework,44.88,2,3,business,True
790,reservations for two,11.1,3,3,romance,True
791,red: the true story of red riding hood,28.54,3,3,childrens,True
792,ready player one,19.07,4,3,science fiction,True
793,quiet: the power of introverts in a world that can't stop talking,43.55,1,3,default,True
794,prodigy: the graphic novel (legend: the graphic novel #2),43.63,3,3,sequential art,True
795,persepolis: the story of a childhood (persepolis #1-2),39.13,1,3,sequential art,True
796,packing for mars: the curious science of life in the void,56.68,2,3,default,True
797,outliers: the story of success,14.16,1,3,nonfiction,True
798,original fake,31.45,3,3,sequential art,True
799,orange is the new black,24.61,2,3,default,True
800,one for the money (stephanie plum #1),32.87,2,3,default,True
801,notes from a small island (notes from a small island #1),40.17,1,3,nonfiction,True
802,night (the night trilogy #1),13.51,1,3,nonfiction,True
803,neither here nor there: travels in europe,38.95,3,3,travel,True
804,naked,31.69,3,3,humor,True
805,morning star (red rising #3),29.4,1,3,default,True
806,"miracles from heaven: a little girl, her journey to heaven, and her amazing story of healing",57.83,1,3,nonfiction,True
807,midnight riot (peter grant/ rivers of london - books #1),55.46,2,3,fantasy,True
808,me talk pretty one day,57.6,2,3,autobiography,True
809,manuscript found in accra,34.98,2,3,add a comment,True
810,lust & wonder,11.87,2,3,autobiography,True
811,lila (gilead #3),12.47,3,3,fiction,True
812,"life, the universe and everything (hitchhiker's guide to the galaxy #3)",33.26,2,3,science fiction,True
813,life without a recipe,59.04,5,3,autobiography,True
814,life after life,26.13,2,3,default,True
815,letter to a christian nation,22.2,1,3,nonfiction,True
816,let's pretend this never happened: a mostly true memoir,45.11,1,3,nonfiction,True
817,legend (legend #1),43.69,4,3,young adult,True
818,"lean in: women, work, and the will to lead",25.02,1,3,default,True
819,"lamb: the gospel according to biff, christ's childhood pal",55.5,5,3,humor,True
820,lady renegades (rebel belle #3),53.04,5,3,young adult,True
821,jurassic park (jurassic park #1),44.97,1,3,fiction,True
822,it's never too late to begin again: discovering creativity and meaning at midlife and beyond,42.38,1,3,nonfiction,True
823,is everyone hanging out without me? (and other concerns),20.11,3,3,default,True
824,into the wild,56.7,5,3,nonfiction,True
825,inferno (robert langdon #4),41.0,5,3,fiction,True
826,"in the garden of beasts: love, terror, and an american family in hitler's berlin",28.85,3,3,nonfiction,True
827,if i run (if i run #1),49.97,4,3,christian fiction,True
828,i've got your number,19.69,1,3,womens fiction,True
829,i am malala: the girl who stood up for education and was shot by the taliban,28.88,2,3,nonfiction,True
830,hungry girl clean & hungry: easy all-natural recipes for healthy eating in the real world,33.14,3,3,food and drink,True
831,"house of lost worlds: dinosaurs, dynasties, and the story of life on earth",43.7,2,3,history,True
832,house of leaves,54.89,1,3,horror,True
833,horrible bear!,37.52,2,3,childrens,True
834,holidays on ice,51.07,2,3,humor,True
835,heir to the sky,44.07,4,3,fantasy,True
836,green eggs and ham (beginner books b-16),10.79,4,3,childrens,True
837,"grayson, vol 3: nemesis (grayson #3)",42.72,1,3,sequential art,True
838,gratitude,26.66,5,3,nonfiction,True
839,gone girl,37.6,5,3,default,True
840,golden (heart of dread #3),42.21,4,3,young adult,True
841,girl in the blue coat,46.83,2,3,historical fiction,True
842,"fruits basket, vol. 3 (fruits basket #3)",45.17,2,3,sequential art,True
843,"friday night lights: a town, a team, and a dream",51.22,3,3,sports and games,True
844,fire bound (sea haven/sisters of the heart #5),21.28,4,3,add a comment,True
845,fifty shades freed (fifty shades #3),15.36,5,3,adult fiction,True
846,fellside,38.62,1,3,default,True
847,extreme prey (lucas davenport #26),25.4,3,3,mystery,True
848,eragon (the inheritance cycle #1),43.87,3,3,fantasy,True
849,eclipse (twilight #3),18.74,1,3,default,True
850,dune (dune #1),54.86,1,3,science fiction,True
851,dracula,52.62,3,3,default,True
852,do androids dream of electric sheep? (blade runner #1),51.48,1,3,science fiction,True
853,disrupted: my misadventure in the start-up bubble,15.28,5,3,nonfiction,True
854,dead wake: the last crossing of the lusitania,39.24,5,3,default,True
855,"david and goliath: underdogs, misfits, and the art of battling giants",17.81,1,3,default,True
856,darkfever (fever #1),56.02,1,3,fantasy,True
857,dark places,23.9,5,3,default,True
858,crazy rich asians (crazy rich asians #1),49.13,5,3,fiction,True
859,counting thyme,10.62,1,3,childrens,True
860,cosmos,36.17,2,3,add a comment,True
861,civilization and its discontents,59.95,2,3,psychology,True
862,cinder (the lunar chronicles #1),26.09,1,3,young adult,True
863,catastrophic happiness: finding joy in childhood's messy years,37.35,2,3,parenting,True
864,career of evil (cormoran strike #3),24.72,2,3,mystery,True
865,breaking dawn (twilight #4),35.28,5,3,default,True
866,brave enough,51.32,5,3,nonfiction,True
867,boy meets boy,21.12,3,3,young adult,True
868,"born to run: a hidden tribe, superathletes, and the greatest race the world has never seen",27.35,2,3,nonfiction,True
869,blink: the power of thinking without thinking,21.74,5,3,nonfiction,True
870,black flags: the rise of isis,40.87,1,3,nonfiction,True
871,"black butler, vol. 1 (black butler #1)",49.31,1,3,sequential art,True
872,big little lies,22.11,1,3,fiction,True
873,between shades of gray,20.79,5,3,historical fiction,True
874,best of my love (fool's gold #20),27.41,2,3,romance,True
875,beowulf,38.35,2,3,classics,True
876,beautiful creatures (caster chronicles #1),21.55,5,3,default,True
877,awkward,38.02,2,3,sequential art,True
878,ash,22.06,4,3,fantasy,True
879,are we there yet?,10.66,3,3,childrens,True
880,are we smart enough to know how smart animals are?,56.58,1,3,nonfiction,True
881,annie on my mind,36.83,5,3,young adult,True
882,and then there were none,35.01,2,3,classics,True
883,a walk in the woods: rediscovering america on the appalachian trail,30.48,4,3,nonfiction,True
884,a visit from the goon squad,14.08,5,3,default,True
885,a storm of swords (a song of ice and fire #3),31.22,2,3,fantasy,True
886,a heartbreaking work of staggering genius,54.29,5,3,autobiography,True
887,8 keys to mental health through exercise,31.04,1,3,psychology,True
888,#girlboss,50.96,1,3,add a comment,True
889,"the suffragettes (little black classics, #96)",11.89,2,2,nonfiction,True
890,the sense of an ending,31.38,3,2,add a comment,True
891,"the sandman, vol. 2: the doll's house (the sandman (volumes) #2)",54.81,1,2,sequential art,True
892,the course of love,16.78,3,2,fiction,True
893,sugar rush (offensive line #2),24.42,1,2,sports and games,True
894,"saga, volume 2 (saga (collected editions) #2)",11.75,3,2,sequential art,True
895,"run, spot, run: the ethics of keeping pets",20.02,1,2,philosophy,True
896,new moon (twilight #2),12.86,4,2,young adult,True
897,life,31.58,5,2,music,True
898,kindle paperwhite user's guide,34.0,3,2,nonfiction,True
899,h is for hawk,57.42,5,2,nonfiction,True
900,girl online on tour (girl online #2),53.47,1,2,young adult,True
901,"fruits basket, vol. 2 (fruits basket #2)",11.64,5,2,sequential art,True
902,diary of a minecraft zombie book 1: a scare of a dare (an unofficial minecraft book),52.88,4,2,childrens,True
903,"y: the last man, vol. 1: unmanned (y: the last man #1)",18.51,4,1,sequential art,True
904,while you were mine,41.32,5,1,historical fiction,True
905,where lightning strikes (bleeding stars #3),39.77,3,1,romance,True
906,when i'm gone,51.96,3,1,fiction,True
907,ways of seeing,39.51,5,1,art,True
908,"vampire knight, vol. 1 (vampire knight #1)",15.4,1,1,paranormal,True
909,vampire girl (vampire girl #1),53.82,2,1,fantasy,True
910,twenty love poems and a song of despair,30.95,4,1,poetry,True
911,travels with charley: in search of america,57.82,5,1,nonfiction,True
912,three wishes (river of time: california #1),44.18,2,1,science fiction,True
913,this one moment (pushing limits #1),48.71,1,1,romance,True
914,the zombie room,19.69,5,1,default,True
915,"the wicked + the divine, vol. 1: the faust act (the wicked + the divine)",36.52,2,1,sequential art,True
916,the tumor,41.56,5,1,nonfiction,True
917,the story of hong gildong,43.19,4,1,classics,True
918,the silent wife,12.34,5,1,fiction,True
919,the silent twin (detective jennifer knight #3),36.25,3,1,fantasy,True
920,the selfish gene,29.45,1,1,science,True
921,the secret healer,34.56,3,1,historical fiction,True
922,"the sandman, vol. 1: preludes and nocturnes (the sandman (volumes) #1)",54.12,3,1,sequential art,True
923,the republic,33.78,3,1,add a comment,True
924,the odyssey,29.64,3,1,add a comment,True
925,the no. 1 ladies' detective agency (no. 1 ladies' detective agency #1),57.7,4,1,mystery,True
926,the nicomachean ethics,36.34,1,1,philosophy,True
927,the name of the wind (the kingkiller chronicle #1),50.59,3,1,default,True
928,the mirror & the maze (the wrath and the dawn #1.5),29.38,1,1,fantasy,True
929,the little prince,45.42,2,1,classics,True
930,the light of the fireflies,54.43,1,1,add a comment,True
931,the last girl (the dominion trilogy #1),36.26,2,1,science fiction,True
932,the iliad,16.16,1,1,add a comment,True
933,the hook up (game on #1),36.29,5,1,new adult,True
934,the haters,27.89,5,1,young adult,True
935,the girl you lost,12.29,5,1,mystery,True
936,the girl in the ice (dci erika foster #1),15.85,3,1,mystery,True
937,the end of the jesus era (an investigation #1),14.4,1,1,nonfiction,True
938,the edge of reason (bridget jones #2),19.18,4,1,womens fiction,True
939,the complete maus (maus #1-2),10.64,3,1,sequential art,True
940,the communist manifesto,14.76,3,1,add a comment,True
941,the bhagavad gita,57.49,3,1,religion,True
942,the bette davis club,30.66,3,1,fiction,True
943,the art of not breathing,40.83,4,1,young adult,True
944,taking shots (assassins #1),18.88,2,1,default,True
945,starlark,25.83,3,1,historical fiction,True
946,"skip beat!, vol. 01 (skip beat! #1)",42.12,3,1,sequential art,True
947,sister sable (the mad queen #1),13.33,3,1,fantasy,True
948,shatter me (shatter me #1),42.4,1,1,default,True
949,shameless,58.35,3,1,new adult,True
950,shadow rites (jane yellowrock #10),21.72,4,1,fantasy,True
951,settling the score (the summer games #1),44.91,2,1,sports and games,True
952,sense and sensibility,37.46,1,1,classics,True
953,"saga, volume 1 (saga (collected editions) #1)",28.48,1,1,sequential art,True
954,"rhythm, chord & malykhin",28.34,2,1,romance,True
955,"rat queens, vol. 1: sass & sorcery (rat queens (collected editions) #1-5)",46.96,5,1,sequential art,True
956,paradise lost (paradise #1),24.96,1,1,default,True
957,"paper girls, vol. 1 (paper girls #1-5)",21.71,4,1,sequential art,True
958,"ouran high school host club, vol. 1 (ouran high school host club #1)",29.87,3,1,sequential art,True
959,origins (alphas 0.5),28.99,1,1,fantasy,True
960,one second (seven #7),52.94,2,1,fantasy,True
961,on the road (duluoz legend),32.36,3,1,default,True
962,old records never die: one man's quest for his vinyl and his past,55.66,2,1,music,True
963,off sides (off #1),39.45,5,1,new adult,True
964,of mice and men,47.11,2,1,classics,True
965,myriad (prentor #1),58.75,4,1,fantasy,True
966,my perfect mistake (over the top #1),38.92,2,1,romance,True
967,"ms. marvel, vol. 1: no normal (ms. marvel (2014-2015) #1)",39.39,4,1,sequential art,True
968,meditations,25.89,2,1,philosophy,True
969,matilda,28.34,1,1,childrens,True
970,lost among the living,27.7,4,1,historical fiction,True
971,lord of the flies,24.89,3,1,add a comment,True
972,listen to me (fusion #1),58.99,3,1,romance,True
973,kitchens of the great midwest,57.2,5,1,fiction,True
974,jane eyre,38.43,5,1,default,True
975,imperfect harmony,34.74,4,1,romance,True
976,icing (aces hockey #2),40.44,4,1,sports and games,True
977,"hawkeye, vol. 1: my life as a weapon (hawkeye #1)",45.24,3,1,sequential art,True
978,having the barbarian's baby (ice planet barbarians #7.5),34.96,4,1,science fiction,True
979,"giant days, vol. 1 (giant days #1-4)",56.76,4,1,sequential art,True
980,"fruits basket, vol. 1 (fruits basket #1)",40.28,5,1,sequential art,True
981,frankenstein,38.0,2,1,default,True
982,forever rockers (the rocker #12),28.8,3,1,music,True
983,fighting fate (fighting #6),39.24,3,1,romance,True
984,emma,32.93,2,1,classics,True
985,"eat, pray, love",51.32,3,1,nonfiction,True
986,deep under (walker security #1),47.09,5,1,romance,True
987,choosing our religion: the spiritual lives of america's nones,28.42,4,1,religion,True
988,charlie and the chocolate factory (charlie bucket #1),22.85,3,1,childrens,True
989,charity's cross (charles towne belles #4),41.24,1,1,romance,True
990,bright lines,39.07,5,1,fiction,True
991,bridget jones's diary (bridget jones #1),29.82,1,1,womens fiction,True
992,bounty (colorado mountain #7),37.26,4,1,romance,True
993,blood defense (samantha brinkman #1),20.3,3,1,mystery,True
994,"bleach, vol. 1: strawberry and the soul reapers (bleach #1)",34.65,5,1,sequential art,True
995,beyond good and evil,43.38,1,1,philosophy,True
996,alice in wonderland (alice's adventures in wonderland #1),55.53,1,1,classics,True
997,"ajin: demi-human, volume 1 (ajin: demi-human #1)",57.06,4,1,sequential art,True
998,a spy's devotion (the regency spies of london #1),16.97,5,1,historical fiction,True
999,1st to die (women's murder club #1),53.98,1,1,mystery,True
1000,"1,000 places to see before you die",26.08,5,1,travel,True
